{
  "strategy": "keyword-action-error",
  "schemaMetrics": {
    "score": 0.18181818181818182,
    "rawScore": 1,
    "effectiveScore": 0.18181818181818182,
    "parseSuccessRate": 0.18181818181818182,
    "typeErrorRate": 0,
    "constraintViolationRate": 0,
    "requiredFieldCoverage": 1,
    "unexpectedFieldRate": 0
  },
  "contextMetrics": {
    "score": 0.8209523809523809,
    "fieldAccuracy": 0.6428571428571428,
    "contextLossRate": 0.1746031746031746,
    "unexpectedFieldRate": 0
  },
  "errorFeedbackMetrics": {
    "avgErrorCorrectionRate": 0.2,
    "avgFeedbackEffectivenessScore": 0.13215
  },
  "averageScores": {
    "schemaConformity": 1,
    "contextualConsistency": 0.8209523809523809,
    "overallScore": 0.9104761904761904,
    "successRate": 0.18181818181818182,
    "jsonAdherenceRate": 0.18181818181818182
  },
  "errorAnalysis": {
    "_unexpectedFieldDetails": {},
    "_unexpectedFieldSummary": {
      "totalFields": 0,
      "uniqueFields": 0
    }
  },
  "performanceSummary": {
    "avgPromptTokens": 848.7272727272727,
    "avgResponseTokens": 186.63636363636363,
    "totalTokens": 11389
  }
}