{
  "strategy": "keyword-action-context-error",
  "schemaMetrics": {
    "score": 0.08741258741258742,
    "rawScore": 0.9615384615384616,
    "effectiveScore": 0.08741258741258742,
    "parseSuccessRate": 0.09090909090909091,
    "typeErrorRate": 0,
    "constraintViolationRate": 0.07692307692307693,
    "requiredFieldCoverage": 1,
    "unexpectedFieldRate": 0
  },
  "contextMetrics": {
    "score": 0.8564285714285714,
    "fieldAccuracy": 0.7857142857142857,
    "contextLossRate": 0.21428571428571427,
    "unexpectedFieldRate": 0
  },
  "errorFeedbackMetrics": {
    "avgErrorCorrectionRate": 0.1,
    "avgFeedbackEffectivenessScore": 0.04
  },
  "averageScores": {
    "schemaConformity": 0.9615384615384616,
    "contextualConsistency": 0.8564285714285714,
    "overallScore": 0.9089835164835165,
    "successRate": 0.09090909090909091,
    "jsonAdherenceRate": 0.09090909090909091
  },
  "errorAnalysis": {
    "CONSTRAINT_ERROR": 2,
    "_unexpectedFieldDetails": {},
    "_unexpectedFieldSummary": {
      "totalFields": 0,
      "uniqueFields": 0
    }
  },
  "performanceSummary": {
    "avgPromptTokens": 1536.7272727272727,
    "avgResponseTokens": 195.9090909090909,
    "totalTokens": 19059
  }
}