{
  "strategy": "one-shot",
  "schemaMetrics": {
    "score": 0.6713286713286715,
    "rawScore": 0.9230769230769232,
    "effectiveScore": 0.6713286713286715,
    "parseSuccessRate": 0.7272727272727273,
    "typeErrorRate": 0,
    "constraintViolationRate": 0.15384615384615385,
    "requiredFieldCoverage": 1,
    "unexpectedFieldRate": 0
  },
  "contextMetrics": {
    "score": 0.8933531746031745,
    "fieldAccuracy": 0.7787698412698413,
    "contextLossRate": 0.09523809523809522,
    "unexpectedFieldRate": 0
  },
  "errorFeedbackMetrics": null,
  "averageScores": {
    "schemaConformity": 0.9230769230769232,
    "contextualConsistency": 0.8933531746031745,
    "overallScore": 0.9082150488400489,
    "successRate": 0.7272727272727273,
    "jsonAdherenceRate": 0.7272727272727273
  },
  "errorAnalysis": {
    "CONSTRAINT_ERROR": 32,
    "_unexpectedFieldDetails": {},
    "_unexpectedFieldSummary": {
      "totalFields": 0,
      "uniqueFields": 0
    }
  },
  "performanceSummary": {
    "avgPromptTokens": 764.9090909090909,
    "avgResponseTokens": 192.45454545454547,
    "totalTokens": 10531
  }
}