{
  "strategy": "role-guided-schema-context",
  "schemaMetrics": {
    "score": 0.9982517482517482,
    "rawScore": 0.9982517482517482,
    "effectiveScore": 0.9982517482517482,
    "parseSuccessRate": 1,
    "typeErrorRate": 0.0034965034965034965,
    "constraintViolationRate": 0,
    "requiredFieldCoverage": 1,
    "unexpectedFieldRate": 0
  },
  "contextMetrics": {
    "score": 0.8779707792207794,
    "fieldAccuracy": 0.7167207792207793,
    "contextLossRate": 0.0779220779220779,
    "unexpectedFieldRate": 0
  },
  "errorFeedbackMetrics": null,
  "averageScores": {
    "schemaConformity": 0.9982517482517482,
    "contextualConsistency": 0.8779707792207794,
    "overallScore": 0.938111263736264,
    "successRate": 1,
    "jsonAdherenceRate": 1
  },
  "errorAnalysis": {
    "CONSTRAINT_ERROR": 1,
    "_unexpectedFieldDetails": {},
    "_unexpectedFieldSummary": {
      "totalFields": 0,
      "uniqueFields": 0
    }
  },
  "performanceSummary": {
    "avgPromptTokens": 1985.3636363636363,
    "avgResponseTokens": 218.8181818181818,
    "totalTokens": 24246
  }
}