{
  "strategy": "role-guided-schema-context-error",
  "schemaMetrics": {
    "score": 0.18006993006993008,
    "rawScore": 0.9903846153846154,
    "effectiveScore": 0.18006993006993008,
    "parseSuccessRate": 0.18181818181818182,
    "typeErrorRate": 0.019230769230769232,
    "constraintViolationRate": 0,
    "requiredFieldCoverage": 1,
    "unexpectedFieldRate": 0
  },
  "contextMetrics": {
    "score": 0.8920089285714285,
    "fieldAccuracy": 0.8080357142857143,
    "contextLossRate": 0.1294642857142857,
    "unexpectedFieldRate": 0
  },
  "errorFeedbackMetrics": {
    "avgErrorCorrectionRate": 0.1,
    "avgFeedbackEffectivenessScore": 0.04
  },
  "averageScores": {
    "schemaConformity": 0.9903846153846154,
    "contextualConsistency": 0.8920089285714285,
    "overallScore": 0.9411967719780219,
    "successRate": 0.18181818181818182,
    "jsonAdherenceRate": 0.18181818181818182
  },
  "errorAnalysis": {
    "CONSTRAINT_ERROR": 1,
    "_unexpectedFieldDetails": {},
    "_unexpectedFieldSummary": {
      "totalFields": 0,
      "uniqueFields": 0
    }
  },
  "performanceSummary": {
    "avgPromptTokens": 2007.5454545454545,
    "avgResponseTokens": 423.09090909090907,
    "totalTokens": 26737
  }
}