{
  "strategy": "self-verification-context",
  "schemaMetrics": {
    "score": 0.08741258741258742,
    "rawScore": 0.9615384615384616,
    "effectiveScore": 0.08741258741258742,
    "parseSuccessRate": 0.09090909090909091,
    "typeErrorRate": 0,
    "constraintViolationRate": 0.07692307692307693,
    "requiredFieldCoverage": 1,
    "unexpectedFieldRate": 0
  },
  "contextMetrics": {
    "score": 0.9521428571428572,
    "fieldAccuracy": 0.9285714285714286,
    "contextLossRate": 0.07142857142857142,
    "unexpectedFieldRate": 0
  },
  "errorFeedbackMetrics": null,
  "averageScores": {
    "schemaConformity": 0.9615384615384616,
    "contextualConsistency": 0.9521428571428572,
    "overallScore": 0.9568406593406593,
    "successRate": 0.09090909090909091,
    "jsonAdherenceRate": 0.09090909090909091
  },
  "errorAnalysis": {
    "CONSTRAINT_ERROR": 2,
    "_unexpectedFieldDetails": {},
    "_unexpectedFieldSummary": {
      "totalFields": 0,
      "uniqueFields": 0
    }
  },
  "performanceSummary": {
    "avgPromptTokens": 1385.7272727272727,
    "avgResponseTokens": 190.8181818181818,
    "totalTokens": 17342
  }
}