{
  "strategy": "self-verification-error",
  "schemaMetrics": {
    "score": 0.17832167832167833,
    "rawScore": 0.9807692307692308,
    "effectiveScore": 0.17832167832167833,
    "parseSuccessRate": 0.18181818181818182,
    "typeErrorRate": 0,
    "constraintViolationRate": 0.038461538461538464,
    "requiredFieldCoverage": 1,
    "unexpectedFieldRate": 0
  },
  "contextMetrics": {
    "score": 0.9278571428571429,
    "fieldAccuracy": 0.8571428571428572,
    "contextLossRate": 0.07142857142857142,
    "unexpectedFieldRate": 0
  },
  "errorFeedbackMetrics": {
    "avgErrorCorrectionRate": 0.1,
    "avgFeedbackEffectivenessScore": 0.04115384615384616
  },
  "averageScores": {
    "schemaConformity": 0.9807692307692308,
    "contextualConsistency": 0.9278571428571429,
    "overallScore": 0.9543131868131868,
    "successRate": 0.18181818181818182,
    "jsonAdherenceRate": 0.18181818181818182
  },
  "errorAnalysis": {
    "CONSTRAINT_ERROR": 2,
    "_unexpectedFieldDetails": {},
    "_unexpectedFieldSummary": {
      "totalFields": 0,
      "uniqueFields": 0
    }
  },
  "performanceSummary": {
    "avgPromptTokens": 695.8181818181819,
    "avgResponseTokens": 164.45454545454547,
    "totalTokens": 9463
  }
}