{
  "strategy": "self-verification-schema-context",
  "schemaMetrics": {
    "score": 0.9982517482517482,
    "rawScore": 0.9982517482517482,
    "effectiveScore": 0.9982517482517482,
    "parseSuccessRate": 1,
    "typeErrorRate": 0.0034965034965034965,
    "constraintViolationRate": 0,
    "requiredFieldCoverage": 1,
    "unexpectedFieldRate": 0
  },
  "contextMetrics": {
    "score": 0.8666720779220779,
    "fieldAccuracy": 0.7386363636363636,
    "contextLossRate": 0.13474025974025972,
    "unexpectedFieldRate": 0
  },
  "errorFeedbackMetrics": null,
  "averageScores": {
    "schemaConformity": 0.9982517482517482,
    "contextualConsistency": 0.8666720779220779,
    "overallScore": 0.9324619130869131,
    "successRate": 1,
    "jsonAdherenceRate": 1
  },
  "errorAnalysis": {
    "CONSTRAINT_ERROR": 1,
    "_unexpectedFieldDetails": {},
    "_unexpectedFieldSummary": {
      "totalFields": 0,
      "uniqueFields": 0
    }
  },
  "performanceSummary": {
    "avgPromptTokens": 2106.6363636363635,
    "avgResponseTokens": 212.8181818181818,
    "totalTokens": 25514
  }
}