{
  "strategy": "zero-shot-schema-error",
  "schemaMetrics": {
    "score": 0.9798951048951047,
    "rawScore": 0.9798951048951047,
    "effectiveScore": 0.9798951048951047,
    "parseSuccessRate": 1,
    "typeErrorRate": 0,
    "constraintViolationRate": 0.03846153846153846,
    "requiredFieldCoverage": 1,
    "unexpectedFieldRate": 0.006493506493506493
  },
  "contextMetrics": {
    "score": 0.5939467787114846,
    "fieldAccuracy": 0.35518207282913167,
    "contextLossRate": 0.5596129360835242,
    "unexpectedFieldRate": 0.006493506493506493
  },
  "errorFeedbackMetrics": {
    "avgErrorCorrectionRate": 0.026515151515151512,
    "avgFeedbackEffectivenessScore": 0.014254522144522146
  },
  "averageScores": {
    "schemaConformity": 0.9798951048951047,
    "contextualConsistency": 0.5939467787114846,
    "overallScore": 0.7869209418032947,
    "successRate": 1,
    "jsonAdherenceRate": 0.09090909090909091
  },
  "errorAnalysis": {
    "CONSTRAINT_ERROR": 11,
    "UNEXPECTED_FIELD": 2,
    "_unexpectedFieldDetails": {
      "stageTime": {
        "count": 1,
        "fields": [
          "booking.stageTime"
        ]
      }
    },
    "_unexpectedFieldSummary": {
      "totalFields": 1,
      "uniqueFields": 1
    }
  },
  "performanceSummary": {
    "avgPromptTokens": 1119.4545454545455,
    "avgResponseTokens": 147,
    "totalTokens": 13931
  }
}