{
  "strategy": "few-shot-context",
  "schemaMetrics": {
    "score": 0.9511834319526625,
    "rawScore": 0.9511834319526625,
    "effectiveScore": 0.9511834319526625,
    "parseSuccessRate": 1,
    "typeErrorRate": 0.032544378698224845,
    "constraintViolationRate": 0.06508875739644969,
    "requiredFieldCoverage": 1,
    "unexpectedFieldRate": 0.010256410256410256
  },
  "contextMetrics": {
    "score": 0.7171771978021978,
    "fieldAccuracy": 0.5274725274725275,
    "contextLossRate": 0.3599358974358975,
    "unexpectedFieldRate": 0.010256410256410256
  },
  "errorFeedbackMetrics": null,
  "averageScores": {
    "schemaConformity": 0.9511834319526625,
    "contextualConsistency": 0.7171771978021978,
    "overallScore": 0.8341803148774302,
    "successRate": 1,
    "jsonAdherenceRate": 0.07692307692307693
  },
  "errorAnalysis": {
    "CONSTRAINT_ERROR": 33,
    "UNEXPECTED_FIELD": 2,
    "_unexpectedFieldDetails": {
      "invoice": {
        "count": 1,
        "fields": [
          "booking.invoice"
        ]
      },
      "contract": {
        "count": 1,
        "fields": [
          "booking.contract"
        ]
      }
    },
    "_unexpectedFieldSummary": {
      "totalFields": 2,
      "uniqueFields": 2
    }
  },
  "performanceSummary": {
    "avgPromptTokens": 2221.6153846153848,
    "avgResponseTokens": 184.84615384615384,
    "totalTokens": 31284
  }
}