{
  "strategy": "one-shot-schema-context",
  "schemaMetrics": {
    "score": 0.8934911242603552,
    "rawScore": 0.9679487179487181,
    "effectiveScore": 0.8934911242603552,
    "parseSuccessRate": 0.9230769230769231,
    "typeErrorRate": 0,
    "constraintViolationRate": 0.0641025641025641,
    "requiredFieldCoverage": 1,
    "unexpectedFieldRate": 0
  },
  "contextMetrics": {
    "score": 0.7324260912698413,
    "fieldAccuracy": 0.5460317460317461,
    "contextLossRate": 0.34310515873015873,
    "unexpectedFieldRate": 0
  },
  "errorFeedbackMetrics": null,
  "averageScores": {
    "schemaConformity": 0.9679487179487181,
    "contextualConsistency": 0.7324260912698413,
    "overallScore": 0.8501874046092796,
    "successRate": 0.9230769230769231,
    "jsonAdherenceRate": 0.07692307692307693
  },
  "errorAnalysis": {
    "CONSTRAINT_ERROR": 20,
    "_unexpectedFieldDetails": {},
    "_unexpectedFieldSummary": {
      "totalFields": 0,
      "uniqueFields": 0
    }
  },
  "performanceSummary": {
    "avgPromptTokens": 2679.769230769231,
    "avgResponseTokens": 200.92307692307693,
    "totalTokens": 37449
  }
}