{
  "strategy": "role-guided-schema",
  "schemaMetrics": {
    "score": 0.9674556213017753,
    "rawScore": 0.9674556213017753,
    "effectiveScore": 0.9674556213017753,
    "parseSuccessRate": 1,
    "typeErrorRate": 0,
    "constraintViolationRate": 0.06508875739644969,
    "requiredFieldCoverage": 1,
    "unexpectedFieldRate": 0.010256410256410256
  },
  "contextMetrics": {
    "score": 0.8550604395604395,
    "fieldAccuracy": 0.7199175824175824,
    "contextLossRate": 0.14038461538461539,
    "unexpectedFieldRate": 0.010256410256410256
  },
  "errorFeedbackMetrics": null,
  "averageScores": {
    "schemaConformity": 0.9674556213017753,
    "contextualConsistency": 0.8550604395604395,
    "overallScore": 0.9112580304311072,
    "successRate": 1,
    "jsonAdherenceRate": 1
  },
  "errorAnalysis": {
    "CONSTRAINT_ERROR": 22,
    "UNEXPECTED_FIELD": 2,
    "_unexpectedFieldDetails": {
      "invoice": {
        "count": 1,
        "fields": [
          "booking.invoice"
        ]
      },
      "contract": {
        "count": 1,
        "fields": [
          "booking.contract"
        ]
      }
    },
    "_unexpectedFieldSummary": {
      "totalFields": 2,
      "uniqueFields": 2
    }
  },
  "performanceSummary": {
    "avgPromptTokens": 1311.6923076923076,
    "avgResponseTokens": 219.23076923076923,
    "totalTokens": 19902
  }
}