{
  "strategy": "one-shot-schema-context-error",
  "schemaMetrics": {
    "score": 0.3333333333333333,
    "rawScore": 1,
    "effectiveScore": 0.3333333333333333,
    "parseSuccessRate": 0.3333333333333333,
    "typeErrorRate": 0,
    "constraintViolationRate": 0,
    "requiredFieldCoverage": 1,
    "unexpectedFieldRate": 0
  },
  "contextMetrics": {
    "score": 0.7446666666666666,
    "fieldAccuracy": 0.5466666666666666,
    "contextLossRate": 0.30666666666666664,
    "unexpectedFieldRate": 0
  },
  "errorFeedbackMetrics": {
    "avgErrorCorrectionRate": 0.14285714285714285,
    "avgFeedbackEffectivenessScore": 0.09359523809523809
  },
  "averageScores": {
    "schemaConformity": 1,
    "contextualConsistency": 0.7446666666666666,
    "overallScore": 0.8723333333333333,
    "successRate": 0.3333333333333333,
    "jsonAdherenceRate": 0.06666666666666667
  },
  "errorAnalysis": {
    "_unexpectedFieldDetails": {},
    "_unexpectedFieldSummary": {
      "totalFields": 0,
      "uniqueFields": 0
    }
  },
  "performanceSummary": {
    "avgPromptTokens": 2844.4666666666667,
    "avgResponseTokens": 203.13333333333333,
    "totalTokens": 45714
  }
}