{
  "strategy": "self-verification-context-error",
  "schemaMetrics": {
    "score": 0.06666666666666667,
    "rawScore": 1,
    "effectiveScore": 0.06666666666666667,
    "parseSuccessRate": 0.06666666666666667,
    "typeErrorRate": 0,
    "constraintViolationRate": 0,
    "requiredFieldCoverage": 1,
    "unexpectedFieldRate": 0
  },
  "contextMetrics": {
    "score": 0.9441666666666666,
    "fieldAccuracy": 0.9166666666666666,
    "contextLossRate": 0.08333333333333333,
    "unexpectedFieldRate": 0
  },
  "errorFeedbackMetrics": {
    "avgErrorCorrectionRate": 0.07142857142857142,
    "avgFeedbackEffectivenessScore": 0.028571428571428574
  },
  "averageScores": {
    "schemaConformity": 1,
    "contextualConsistency": 0.9441666666666666,
    "overallScore": 0.9720833333333333,
    "successRate": 0.06666666666666667,
    "jsonAdherenceRate": 0.06666666666666667
  },
  "errorAnalysis": {
    "_unexpectedFieldDetails": {},
    "_unexpectedFieldSummary": {
      "totalFields": 0,
      "uniqueFields": 0
    }
  },
  "performanceSummary": {
    "avgPromptTokens": 2018.8666666666666,
    "avgResponseTokens": 183.26666666666668,
    "totalTokens": 33032
  }
}