{
  "strategy": "role-guided-schema-context",
  "schemaMetrics": {
    "score": 0.8628294782140937,
    "parseSuccessRate": 0.8717948717948718,
    "rawScore": 0.9857954545454546,
    "effectiveScore": 0.8628294782140937,
    "typeErrorRate": 0.017191142191142192,
    "constraintViolationRate": 0,
    "requiredFieldCoverage": 1
  },
  "contextMetrics": {
    "score": 0.8213970955764461,
    "fieldAccuracy": 0.6594266250271151,
    "contextLossRate": 0.17643825333163568,
    "unexpectedFieldRate": 0.013888888888888888
  },
  "errorFeedbackMetrics": null,
  "averageScores": {
    "overallScore": 0.9035962750609503,
    "successRate": 0.8717948717948718,
    "jsonAdherenceRate": 0.8717948717948718
  },
  "threadCount": 3
}